# Corporate Bitcoin Treasury Holdings, Mid-2026
# Author: Dr Yuqian Zhang, 10 July 2026
# Sources: SEC 8-K and 10-K filings at sec.gov; strategy.com/purchases; bitcointreasuries.net; bitbo.io/treasuries
# Notes: Strategy data verified against primary 8-K filings. Other figures from company filings and treasury trackers.
# Marathon Digital figure varies by source; 38,689 from bitbo.io (Mar 2026) is most recent with specific date.
company,ticker,btc_holdings,estimated_cost_basis_usd,avg_cost_per_btc_usd,data_as_of,source_note
Strategy (MicroStrategy),MSTR,843775,63700000000,75476,6 Jul 2026,Verified against SEC 8-K filing (form-8-k_07-06-2026.pdf)
Marathon Digital Holdings,MARA,38689,,,Mar 2026,bitbo.io; some sources report ~52000 as of late 2025
Galaxy Digital Holdings,GLXY,25723,,,2026,theblock.co/treasuries
Coinbase Global,COIN,16492,1160000000,70138,May 2026,Q1 2026 10-Q (sec.gov)
Riot Platforms,RIOT,15679,,,Q1 2026,10-Q (riotplatforms.com); 5802 pledged as collateral
CleanSpark,CLSK,13924,,,2026,bitcointreasuries.net
Tesla,TSLA,11509,386000000,33539,Dec 2024,10-K (sold 75% of original position July 2022)
Block Inc,XYZ,9032,,,2026,bitcointreasuries.net
Hut 8 Mining,HUT,10278,,,2026,bitcointreasuries.net
